Region,allen_name,allen_id,allen_acronym,allen_parent,allen_major_division,allen_cortical_class,allen_primary_group,is_cortical,is_subcortical,thalamic_group,thalamic_subdivision,striatal_group,striatal_subdivision,mapping_type,count,normalized,count_pct_total,source_sheet,allen_path,mean_pct,sem_pct,brain_count
Agranular insular area,Agranular insular area,95,AI,Isocortex,Cerebrum,Isocortex,Cortex,True,False,,,,,exact,648,18.431136915710415,2.2968949383241175,"brain1,brain2,brain3,brain4,brain5,brain6,brain7,brain8,brain9","[""root"", ""Basic cell groups and regions"", ""Cerebrum"", ""Cerebral cortex"", ""Cortical plate"", ""Isocortex"", ""Agranular insular area""]",2.047904101745602,0.40851779565892127,9
Anterior amygdalar area,Anterior amygdalar area,23,AAA,Striatum-like amygdalar nuclei,Cerebrum,,Striatum,False,True,,,Striatum-like amygdalar nuclei,Anterior amygdalar area,exact,12,0.3201599683841454,0.04253509145044662,"brain1,brain3,brain6,brain9","[""root"", ""Basic cell groups and regions"", ""Cerebrum"", ""Cerebral nuclei"", ""Striatum"", ""Striatum-like amygdalar nuclei"", ""Anterior amygdalar area""]",0.08003999209603643,0.04806906889582409,4
Anterior cingulate area,Anterior cingulate area,31,ACA,Isocortex,Cerebrum,Isocortex,Cortex,True,False,,,,,exact,957,45.425930001126275,3.392173543173118,"brain1,brain2,brain3,brain4,brain5,brain6,brain7,brain8,brain9","[""root"", ""Basic cell groups and regions"", ""Cerebrum"", ""Cerebral cortex"", ""Cortical plate"", ""Isocortex"", ""Anterior cingulate area""]",5.0473255556807,1.8452231063866782,9
Anterior hypothalamic nucleus,Anterior hypothalamic nucleus,88,AHN,Hypothalamic medial zone,Brain stem,,Hypothalamus,False,True,,,,,exact,35,1.3900560436577922,0.12406068339713597,"brain1,brain3,brain4,brain9","[""root"", ""Basic cell groups and regions"", ""Brain stem"", ""Interbrain"", ""Hypothalamus"", ""Hypothalamic medial zone"", ""Anterior hypothalamic nucleus""]",0.3475140109144469,0.3069203383851112,4
Anterior olfactory nucleus,Anterior olfactory nucleus,159,AON,Olfactory areas,Cerebrum,Olfactory areas,Cortex,True,False,,,,,exact,59,2.869031958388025,0.20913086629802924,"brain2,brain3,brain8,brain9","[""root"", ""Basic cell groups and regions"", ""Cerebrum"", ""Cerebral cortex"", ""Cortical plate"", ""Olfactory areas"", ""Anterior olfactory nucleus""]",0.7172579895970073,0.5393917463968313,4
Anterior pretectal nucleus,Anterior pretectal nucleus,215,APN,Pretectal region,Brain stem,,Midbrain,False,True,,,,,exact,6,0.35074834606962724,0.02126754572522331,"brain1,brain6,brain8","[""root"", ""Basic cell groups and regions"", ""Brain stem"", ""Midbrain"", ""Midbrain, motor related"", ""Pretectal region"", ""Anterior pretectal nucleus""]",0.11691611535654252,0.06866392823083765,3
Anterodorsal nucleus,Anterodorsal nucleus,64,AD,Anterior group of the dorsal thalamus,Brain stem,,Thalamus,False,True,"Thalamus, polymodal association cortex related",Anterior group of the dorsal thalamus,,,exact,5,0.20464288280806278,0.017722954771019424,"brain2,brain4,brain7,brain9","[""root"", ""Basic cell groups and regions"", ""Brain stem"", ""Interbrain"", ""Thalamus"", ""Thalamus, polymodal association cortex related"", ""Anterior group of the dorsal thalamus"", ""Anterodorsal nucleus""]",0.05116072070201571,0.015947938689943097,4
Anterolateral visual area,Anterolateral visual area,402,VISal,Visual areas,Cerebrum,Isocortex,Cortex,True,False,,,,,exact,23,1.1297205355102347,0.08152559194668936,"brain1,brain2,brain4,brain7,brain8","[""root"", ""Basic cell groups and regions"", ""Cerebrum"", ""Cerebral cortex"", ""Cortical plate"", ""Isocortex"", ""Visual areas"", ""Anterolateral visual area""]",0.22594410710204688,0.114472319738047,5
Anteromedial nucleus,Anteromedial nucleus,127,AM,Anterior group of the dorsal thalamus,Brain stem,,Thalamus,False,True,"Thalamus, polymodal association cortex related",Anterior group of the dorsal thalamus,,,exact,89,3.0546516652761144,0.31546859492414575,"brain1,brain2,brain3,brain4,brain6,brain7,brain8","[""root"", ""Basic cell groups and regions"", ""Brain stem"", ""Interbrain"", ""Thalamus"", ""Thalamus, polymodal association cortex related"", ""Anterior group of the dorsal thalamus"", ""Anteromedial nucleus""]",0.43637880932515877,0.15265543691712397,7
Anteromedial visual area,Anteromedial visual area,394,VISam,Visual areas,Cerebrum,Isocortex,Cortex,True,False,,,,,exact,22,1.0569284379479027,0.07798100099248546,"brain1,brain2,brain4,brain7,brain8","[""root"", ""Basic cell groups and regions"", ""Cerebrum"", ""Cerebral cortex"", ""Cortical plate"", ""Isocortex"", ""Visual areas"", ""Anteromedial visual area""]",0.21138568758958048,0.11035437378793674,5
Anteroventral nucleus of thalamus,Anteroventral nucleus of thalamus,255,AV,Anterior group of the dorsal thalamus,Brain stem,,Thalamus,False,True,"Thalamus, polymodal association cortex related",Anterior group of the dorsal thalamus,,,exact,16,0.4788524155358307,0.05671345526726216,"brain1,brain2,brain3,brain4,brain6,brain7,brain9","[""root"", ""Basic cell groups and regions"", ""Brain stem"", ""Interbrain"", ""Thalamus"", ""Thalamus, polymodal association cortex related"", ""Anterior group of the dorsal thalamus"", ""Anteroventral nucleus of thalamus""]",0.06840748793369004,0.010569074150138297,7
Anteroventral periventricular nucleus,Anteroventral periventricular nucleus,272,AVPV,Periventricular region,Brain stem,,Hypothalamus,False,True,,,,,exact,5,0.084774499830451,0.017722954771019424,brain1,"[""root"", ""Basic cell groups and regions"", ""Brain stem"", ""Interbrain"", ""Hypothalamus"", ""Periventricular region"", ""Anteroventral periventricular nucleus""]",0.084774499830451,,1
Anteroventral preoptic nucleus,Anteroventral preoptic nucleus,263,AVP,Periventricular region,Brain stem,,Hypothalamus,False,True,,,,,exact,1,0.0169548999660902,0.003544590954203885,brain1,"[""root"", ""Basic cell groups and regions"", ""Brain stem"", ""Interbrain"", ""Hypothalamus"", ""Periventricular region"", ""Anteroventral preoptic nucleus""]",0.0169548999660902,,1
Arcuate hypothalamic nucleus,Arcuate hypothalamic nucleus,223,ARH,Periventricular zone,Brain stem,,Hypothalamus,False,True,,,,,exact,1,0.0452898550724638,0.003544590954203885,brain4,"[""root"", ""Basic cell groups and regions"", ""Brain stem"", ""Interbrain"", ""Hypothalamus"", ""Periventricular zone"", ""Arcuate hypothalamic nucleus""]",0.04528985507246377,,1
Basic cell groups and regions,Basic cell groups and regions,8,grey,root,,,Other,False,False,,,,,exact,90,2.561591240181292,0.31901318587834965,"brain1,brain2,brain3,brain4,brain5,brain6,brain7,brain9","[""root"", ""Basic cell groups and regions""]",0.32019890502266135,0.06792560462211317,8
Basolateral amygdalar nucleus,Basolateral amygdalar nucleus,295,BLA,Cortical subplate,Cerebrum,,Other,False,False,,,,,exact,45,1.2650126651585314,0.15950659293917482,"brain1,brain2,brain3,brain4,brain6,brain8,brain9","[""root"", ""Basic cell groups and regions"", ""Cerebrum"", ""Cerebral cortex"", ""Cortical subplate"", ""Basolateral amygdalar nucleus""]",0.18071609502264735,0.0410168571252596,7
Basomedial amygdalar nucleus,Basomedial amygdalar nucleus,319,BMA,Cortical subplate,Cerebrum,,Other,False,False,,,,,exact,12,0.2883146818322508,0.04253509145044662,"brain1,brain4,brain6,brain9","[""root"", ""Basic cell groups and regions"", ""Cerebrum"", ""Cerebral cortex"", ""Cortical subplate"", ""Basomedial amygdalar nucleus""]",0.0720786704580626,0.02165835210662301,4
Bed nuclei of the stria terminalis,Bed nuclei of the stria terminalis,351,BST,"Pallidum, caudal region",Cerebrum,,Pallidum,False,True,,,,,exact,20,0.5498309881790922,0.0708918190840777,"brain1,brain2,brain4,brain6,brain7,brain9","[""root"", ""Basic cell groups and regions"", ""Cerebrum"", ""Cerebral nuclei"", ""Pallidum"", ""Pallidum, caudal region"", ""Bed nuclei of the stria terminalis""]",0.09163849802984865,0.029365736647527486,6
Bed nucleus of the accessory olfactory tract,Bed nucleus of the accessory olfactory tract,292,BA,Striatum-like amygdalar nuclei,Cerebrum,,Striatum,False,True,,,Striatum-like amygdalar nuclei,Bed nucleus of the accessory olfactory tract,exact,1,0.0318369945877109,0.003544590954203885,brain6,"[""root"", ""Basic cell groups and regions"", ""Cerebrum"", ""Cerebral nuclei"", ""Striatum"", ""Striatum-like amygdalar nuclei"", ""Bed nucleus of the accessory olfactory tract""]",0.03183699458771092,,1
Caudoputamen,Caudoputamen,672,CP,Striatum dorsal region,Cerebrum,,Striatum,False,True,,,Striatum dorsal region,Caudoputamen,exact,1438,62.19101699114592,5.097121792145186,"brain1,brain2,brain3,brain4,brain5,brain6,brain7,brain8,brain9","[""root"", ""Basic cell groups and regions"", ""Cerebrum"", ""Cerebral nuclei"", ""Striatum"", ""Striatum dorsal region"", ""Caudoputamen""]",6.910112999016213,1.8600147658737882,9
Central amygdalar nucleus,Central amygdalar nucleus,536,CEA,Striatum-like amygdalar nuclei,Cerebrum,,Striatum,False,True,,,Striatum-like amygdalar nuclei,Central amygdalar nucleus,exact,39,1.0083359833274,0.1382390472139515,"brain1,brain2,brain3,brain4,brain6,brain7,brain9","[""root"", ""Basic cell groups and regions"", ""Cerebrum"", ""Cerebral nuclei"", ""Striatum"", ""Striatum-like amygdalar nuclei"", ""Central amygdalar nucleus""]",0.14404799761820003,0.04759830342841837,7
Central lateral nucleus of the thalamus,Central lateral nucleus of the thalamus,575,CL,Intralaminar nuclei of the dorsal thalamus,Brain stem,,Thalamus,False,True,"Thalamus, polymodal association cortex related",Intralaminar nuclei of the dorsal thalamus,,,exact,19,0.8122676998546794,0.06734722812987382,"brain3,brain4,brain5,brain6,brain7","[""root"", ""Basic cell groups and regions"", ""Brain stem"", ""Interbrain"", ""Thalamus"", ""Thalamus, polymodal association cortex related"", ""Intralaminar nuclei of the dorsal thalamus"", ""Central lateral nucleus of the thalamus""]",0.1624535399709361,0.05139284551407202,5
Central medial nucleus of the thalamus,Central medial nucleus of the thalamus,599,CM,Intralaminar nuclei of the dorsal thalamus,Brain stem,,Thalamus,False,True,"Thalamus, polymodal association cortex related",Intralaminar nuclei of the dorsal thalamus,,,exact,53,2.299801470962126,0.1878633205728059,"brain2,brain3,brain4,brain6,brain7,brain8,brain9","[""root"", ""Basic cell groups and regions"", ""Brain stem"", ""Interbrain"", ""Thalamus"", ""Thalamus, polymodal association cortex related"", ""Intralaminar nuclei of the dorsal thalamus"", ""Central medial nucleus of the thalamus""]",0.32854306728030386,0.1002396064581051,7
Cerebral cortex,Cerebral cortex,688,CTX,Cerebrum,Cerebrum,,Other,False,False,,,,,exact,32,0.9553125753102341,0.11342691053452432,"brain1,brain2,brain3,brain4,brain6,brain7,brain9","[""root"", ""Basic cell groups and regions"", ""Cerebrum"", ""Cerebral cortex""]",0.13647322504431916,0.03830665643861198,7
Claustrum,Claustrum,583,CLA,Cortical subplate,Cerebrum,,Other,False,False,,,,,exact,73,2.0420649341537898,0.25875513965688357,"brain1,brain2,brain3,brain4,brain6,brain7,brain8,brain9","[""root"", ""Basic cell groups and regions"", ""Cerebrum"", ""Cerebral cortex"", ""Cortical subplate"", ""Claustrum""]",0.25525811676922394,0.03468551741513368,8
Cortical amygdalar area,Cortical amygdalar area,631,COA,Olfactory areas,Cerebrum,Olfactory areas,Cortex,True,False,,,,,exact,22,0.8450597985323339,0.07798100099248546,"brain1,brain2,brain7,brain8,brain9","[""root"", ""Basic cell groups and regions"", ""Cerebrum"", ""Cerebral cortex"", ""Cortical plate"", ""Olfactory areas"", ""Cortical amygdalar area""]",0.16901195970646682,0.08302032791717275,5
Dentate gyrus,Dentate gyrus,726,DG,Hippocampal region,Cerebrum,Hippocampal formation,Cortex,True,False,,,,,exact,64,2.587856409925369,0.22685382106904864,"brain1,brain2,brain3,brain7,brain8,brain9","[""root"", ""Basic cell groups and regions"", ""Cerebrum"", ""Cerebral cortex"", ""Cortical plate"", ""Hippocampal formation"", ""Hippocampal region"", ""Dentate gyrus""]",0.43130940165422743,0.1970248771296135,6
Diagonal band nucleus,Diagonal band nucleus,596,NDB,Medial septal complex,Cerebrum,,Pallidum,False,True,,,,,exact,46,1.2908719709393368,0.16305118389337872,"brain1,brain2,brain3,brain4,brain8","[""root"", ""Basic cell groups and regions"", ""Cerebrum"", ""Cerebral nuclei"", ""Pallidum"", ""Pallidum, medial region"", ""Medial septal complex"", ""Diagonal band nucleus""]",0.25817439418786703,0.07165970233546641,5
Dopaminergic A13 group,Dopaminergic A13 group,796,A13,Zona incerta,Brain stem,,Hypothalamus,False,True,,,,,exact,2,0.0778210116731518,0.00708918190840777,brain7,"[""root"", ""Basic cell groups and regions"", ""Brain stem"", ""Interbrain"", ""Hypothalamus"", ""Hypothalamic lateral zone"", ""Zona incerta"", ""Dopaminergic A13 group""]",0.07782101167315175,,1
Dorsal auditory area,Dorsal auditory area,1011,AUDd,Auditory areas,Cerebrum,Isocortex,Cortex,True,False,,,,,exact,83,5.991876407721754,0.2942010491989225,"brain1,brain2,brain7,brain8,brain9","[""root"", ""Basic cell groups and regions"", ""Cerebrum"", ""Cerebral cortex"", ""Cortical plate"", ""Isocortex"", ""Auditory areas"", ""Dorsal auditory area""]",1.1983752815443514,0.9382802262425709,5
Dorsal part of the lateral geniculate complex,Dorsal part of the lateral geniculate complex,170,LGd,"Geniculate group, dorsal thalamus",Brain stem,,Thalamus,False,True,"Thalamus, sensory-motor cortex related","Geniculate group, dorsal thalamus",,,exact,9,0.346210937675337,0.031901318587834966,"brain1,brain2,brain8,brain9","[""root"", ""Basic cell groups and regions"", ""Brain stem"", ""Interbrain"", ""Thalamus"", ""Thalamus, sensory-motor cortex related"", ""Geniculate group, dorsal thalamus"", ""Dorsal part of the lateral geniculate complex""]",0.08655273441883413,0.025397009891401034,4
Dorsal peduncular area,Dorsal peduncular area,814,DP,Olfactory areas,Cerebrum,Olfactory areas,Cortex,True,False,,,,,exact,7,0.360263897901795,0.024812136679427194,"brain2,brain4","[""root"", ""Basic cell groups and regions"", ""Cerebrum"", ""Cerebral cortex"", ""Cortical plate"", ""Olfactory areas"", ""Dorsal peduncular area""]",0.18013194895089768,0.001027471338957392,2
Dorsal premammillary nucleus,Dorsal premammillary nucleus,980,PMd,Hypothalamic medial zone,Brain stem,,Hypothalamus,False,True,,,,,exact,6,0.100225674119697,0.02126754572522331,"brain1,brain9","[""root"", ""Basic cell groups and regions"", ""Brain stem"", ""Interbrain"", ""Hypothalamus"", ""Hypothalamic medial zone"", ""Dorsal premammillary nucleus""]",0.050112837059848495,0.03466166277060251,2
Dorsomedial nucleus of the hypothalamus,Dorsomedial nucleus of the hypothalamus,830,DMH,Periventricular region,Brain stem,,Hypothalamus,False,True,,,,,exact,13,0.4874427610780664,0.046079682404650504,"brain1,brain4,brain7","[""root"", ""Basic cell groups and regions"", ""Brain stem"", ""Interbrain"", ""Hypothalamus"", ""Periventricular region"", ""Dorsomedial nucleus of the hypothalamus""]",0.16248092035935555,0.06946918670314585,3
Ectorhinal area/Layer 1,Ectorhinal area/Layer 1,836,ECT1,Ectorhinal area,Cerebrum,Isocortex,Cortex,True,False,,,,,exact,8,0.245266578243644,0.02835672763363108,"brain1,brain8","[""root"", ""Basic cell groups and regions"", ""Cerebrum"", ""Cerebral cortex"", ""Cortical plate"", ""Isocortex"", ""Ectorhinal area"", ""Ectorhinal area/Layer 1""]",0.12263328912182203,0.003948989359190632,2
Ectorhinal area/Layer 2/3,Ectorhinal area/Layer 2/3,427,ECT2/3,Ectorhinal area,Cerebrum,Isocortex,Cortex,True,False,,,,,exact,8,0.22009911635109491,0.02835672763363108,"brain1,brain2,brain4,brain6,brain9","[""root"", ""Basic cell groups and regions"", ""Cerebrum"", ""Cerebral cortex"", ""Cortical plate"", ""Isocortex"", ""Ectorhinal area"", ""Ectorhinal area/Layer 2/3""]",0.044019823270218986,0.009430127562810853,5
Ectorhinal area/Layer 5,Ectorhinal area/Layer 5,988,ECT5,Ectorhinal area,Cerebrum,Isocortex,Cortex,True,False,,,,,exact,16,0.27112323731062193,0.05671345526726216,"brain1,brain6,brain9","[""root"", ""Basic cell groups and regions"", ""Cerebrum"", ""Cerebral cortex"", ""Cortical plate"", ""Isocortex"", ""Ectorhinal area"", ""Ectorhinal area/Layer 5""]",0.09037441243687393,0.035523666917554444,3
Ectorhinal area/Layer 6a,Ectorhinal area/Layer 6a,977,ECT6a,Ectorhinal area,Cerebrum,Isocortex,Cortex,True,False,,,,,exact,7,0.126047766000031,0.024812136679427194,"brain1,brain6,brain9","[""root"", ""Basic cell groups and regions"", ""Cerebrum"", ""Cerebral cortex"", ""Cortical plate"", ""Isocortex"", ""Ectorhinal area"", ""Ectorhinal area/Layer 6a""]",0.04201592200001034,0.018136149102559427,3
Ectorhinal area/Layer 6b,Ectorhinal area/Layer 6b,1045,ECT6b,Ectorhinal area,Cerebrum,Isocortex,Cortex,True,False,,,,,exact,1,0.0169548999660902,0.003544590954203885,brain1,"[""root"", ""Basic cell groups and regions"", ""Cerebrum"", ""Cerebral cortex"", ""Cortical plate"", ""Isocortex"", ""Ectorhinal area"", ""Ectorhinal area/Layer 6b""]",0.0169548999660902,,1
Endopiriform nucleus,Endopiriform nucleus,942,EP,Cortical subplate,Cerebrum,,Other,False,False,,,,,exact,54,1.6968275428924349,0.19140791152700978,"brain1,brain2,brain3,brain4,brain5,brain6,brain9","[""root"", ""Basic cell groups and regions"", ""Cerebrum"", ""Cerebral cortex"", ""Cortical subplate"", ""Endopiriform nucleus""]",0.2424039346989193,0.09300725740058398,7
Entorhinal area,Entorhinal area,909,ENT,Retrohippocampal region,Cerebrum,Hippocampal formation,Cortex,True,False,,,,,exact,57,1.0240833252814006,0.20204168438962145,"brain1,brain4,brain6,brain7,brain9","[""root"", ""Basic cell groups and regions"", ""Cerebrum"", ""Cerebral cortex"", ""Cortical plate"", ""Hippocampal formation"", ""Retrohippocampal region"", ""Entorhinal area""]",0.20481666505628007,0.1566860106084006,5
Fasciola cinerea,Fasciola cinerea,982,FC,Hippocampal region,Cerebrum,Hippocampal formation,Cortex,True,False,,,,,exact,4,0.1608567534124433,0.01417836381681554,"brain1,brain2,brain4,brain7","[""root"", ""Basic cell groups and regions"", ""Cerebrum"", ""Cerebral cortex"", ""Cortical plate"", ""Hippocampal formation"", ""Hippocampal region"", ""Fasciola cinerea""]",0.040214188353110816,0.008889185852240624,4
Field CA1,Field CA1,382,CA1,Ammon's horn,Cerebrum,Hippocampal formation,Cortex,True,False,,,,,exact,127,5.251971092254485,0.4501630511838934,"brain1,brain2,brain4,brain5,brain7,brain9","[""root"", ""Basic cell groups and regions"", ""Cerebrum"", ""Cerebral cortex"", ""Cortical plate"", ""Hippocampal formation"", ""Hippocampal region"", ""Ammon's horn"", ""Field CA1""]",0.875328515375747,0.5174247404811626,6
Field CA2,Field CA2,423,CA2,Ammon's horn,Cerebrum,Hippocampal formation,Cortex,True,False,,,,,exact,8,0.46454914776034567,0.02835672763363108,"brain2,brain4,brain5,brain7","[""root"", ""Basic cell groups and regions"", ""Cerebrum"", ""Cerebral cortex"", ""Cortical plate"", ""Hippocampal formation"", ""Hippocampal region"", ""Ammon's horn"", ""Field CA2""]",0.11613728694008643,0.04714903772843103,4
Field CA3,Field CA3,463,CA3,Ammon's horn,Cerebrum,Hippocampal formation,Cortex,True,False,,,,,exact,41,1.3705157916345145,0.14532822912235926,"brain1,brain2,brain6,brain7,brain8,brain9","[""root"", ""Basic cell groups and regions"", ""Cerebrum"", ""Cerebral cortex"", ""Cortical plate"", ""Hippocampal formation"", ""Hippocampal region"", ""Ammon's horn"", ""Field CA3""]",0.2284192986057524,0.10861071640599594,6
Fundus of striatum,Fundus of striatum,998,FS,Striatum ventral region,Cerebrum,,Striatum,False,True,,,Striatum ventral region,Fundus of striatum,exact,3,0.080628889141512,0.010633772862611655,"brain1,brain6","[""root"", ""Basic cell groups and regions"", ""Cerebrum"", ""Cerebral nuclei"", ""Striatum"", ""Striatum ventral region"", ""Fundus of striatum""]",0.040314444570756024,0.02335954460466582,2
Globus pallidus,"Globus pallidus, external segment",1022,GPe,"Pallidum, dorsal region",Cerebrum,,Pallidum,False,True,,,,,override,190,5.072163437269495,0.6734722812987382,"brain1,brain2,brain3,brain4,brain5,brain6,brain7,brain8,brain9","[""root"", ""Basic cell groups and regions"", ""Cerebrum"", ""Cerebral nuclei"", ""Pallidum"", ""Pallidum, dorsal region"", ""Globus pallidus, external segment""]",0.5635737152521667,0.21384827811361137,9
Gustatory areas,Gustatory areas,1057,GU,Isocortex,Cerebrum,Isocortex,Cortex,True,False,,,,,exact,760,18.88964470051122,2.6938891251949526,"brain1,brain2,brain3,brain4,brain5,brain6,brain7,brain8,brain9","[""root"", ""Basic cell groups and regions"", ""Cerebrum"", ""Cerebral cortex"", ""Cortical plate"", ""Isocortex"", ""Gustatory areas""]",2.0988494111679126,0.599267399491648,9
Hypothalamus,Hypothalamus,1097,HY,Interbrain,Brain stem,,Hypothalamus,False,True,,,,,exact,50,1.7516292261711424,0.17722954771019425,"brain1,brain2,brain4,brain8,brain9","[""root"", ""Basic cell groups and regions"", ""Brain stem"", ""Interbrain"", ""Hypothalamus""]",0.3503258452342288,0.21931522018030913,5
Induseum griseum,Induseum griseum,19,IG,Hippocampal region,Cerebrum,Hippocampal formation,Cortex,True,False,,,,,exact,2,0.0494437577255872,0.00708918190840777,brain3,"[""root"", ""Basic cell groups and regions"", ""Cerebrum"", ""Cerebral cortex"", ""Cortical plate"", ""Hippocampal formation"", ""Hippocampal region"", ""Induseum griseum""]",0.04944375772558715,,1
Infralimbic area,Infralimbic area,44,ILA,Isocortex,Cerebrum,Isocortex,Cortex,True,False,,,,,exact,124,5.448908811976478,0.4395292783212817,"brain1,brain2,brain3,brain4,brain5,brain6,brain7,brain8,brain9","[""root"", ""Basic cell groups and regions"", ""Cerebrum"", ""Cerebral cortex"", ""Cortical plate"", ""Isocortex"", ""Infralimbic area""]",0.605434312441832,0.17776566243429479,9
Interanterodorsal nucleus of the thalamus,Interanterodorsal nucleus of the thalamus,1113,IAD,Anterior group of the dorsal thalamus,Brain stem,,Thalamus,False,True,"Thalamus, polymodal association cortex related",Anterior group of the dorsal thalamus,,,exact,17,0.6252260424175692,0.06025804622146604,"brain3,brain4,brain6,brain7,brain9","[""root"", ""Basic cell groups and regions"", ""Brain stem"", ""Interbrain"", ""Thalamus"", ""Thalamus, polymodal association cortex related"", ""Anterior group of the dorsal thalamus"", ""Interanterodorsal nucleus of the thalamus""]",0.1250452084835138,0.06235011720884049,5
Interanteromedial nucleus of the thalamus,Interanteromedial nucleus of the thalamus,1120,IAM,Anterior group of the dorsal thalamus,Brain stem,,Thalamus,False,True,"Thalamus, polymodal association cortex related",Anterior group of the dorsal thalamus,,,exact,4,0.0633084228338282,0.01417836381681554,"brain1,brain9","[""root"", ""Basic cell groups and regions"", ""Brain stem"", ""Interbrain"", ""Thalamus"", ""Thalamus, polymodal association cortex related"", ""Anterior group of the dorsal thalamus"", ""Interanteromedial nucleus of the thalamus""]",0.031654211416914074,0.014699311450823874,2
Intercalated amygdalar nucleus,Intercalated amygdalar nucleus,1105,IA,Striatum-like amygdalar nuclei,Cerebrum,,Striatum,False,True,,,Striatum-like amygdalar nuclei,Intercalated amygdalar nucleus,exact,2,0.030902348578492,0.00708918190840777,brain9,"[""root"", ""Basic cell groups and regions"", ""Cerebrum"", ""Cerebral nuclei"", ""Striatum"", ""Striatum-like amygdalar nuclei"", ""Intercalated amygdalar nucleus""]",0.030902348578491962,,1
Intergeniculate leaflet of the lateral geniculate complex,Intergeniculate leaflet of the lateral geniculate complex,27,IGL,"Geniculate group, ventral thalamus",Brain stem,,Thalamus,False,True,"Thalamus, polymodal association cortex related","Geniculate group, ventral thalamus",,,exact,1,0.015451174289246,0.003544590954203885,brain9,"[""root"", ""Basic cell groups and regions"", ""Brain stem"", ""Interbrain"", ""Thalamus"", ""Thalamus, polymodal association cortex related"", ""Geniculate group, ventral thalamus"", ""Intergeniculate leaflet of the lateral geniculate complex""]",0.015451174289245981,,1
Intermediodorsal nucleus of the thalamus,Intermediodorsal nucleus of the thalamus,59,IMD,Medial group of the dorsal thalamus,Brain stem,,Thalamus,False,True,"Thalamus, polymodal association cortex related",Medial group of the dorsal thalamus,,,exact,1,0.0169548999660902,0.003544590954203885,brain1,"[""root"", ""Basic cell groups and regions"", ""Brain stem"", ""Interbrain"", ""Thalamus"", ""Thalamus, polymodal association cortex related"", ""Medial group of the dorsal thalamus"", ""Intermediodorsal nucleus of the thalamus""]",0.0169548999660902,,1
Interpeduncular nucleus,Interpeduncular nucleus,100,IPN,Midbrain raphe nuclei,Brain stem,,Midbrain,False,True,,,,,exact,7,0.118684299762631,0.024812136679427194,brain1,"[""root"", ""Basic cell groups and regions"", ""Brain stem"", ""Midbrain"", ""Midbrain, behavioral state related"", ""Midbrain raphe nuclei"", ""Interpeduncular nucleus""]",0.11868429976263141,,1
Islands of Calleja,Islands of Calleja,481,isl,Olfactory tubercle,Cerebrum,,Striatum,False,True,,,Striatum ventral region,Olfactory tubercle,exact,7,0.2629707912676701,0.024812136679427194,"brain1,brain2,brain6,brain7","[""root"", ""Basic cell groups and regions"", ""Cerebrum"", ""Cerebral nuclei"", ""Striatum"", ""Striatum ventral region"", ""Olfactory tubercle"", ""Islands of Calleja""]",0.0657426978169175,0.020793112227764098,4
Lateral amygdalar nucleus,Lateral amygdalar nucleus,131,LA,Cortical subplate,Cerebrum,,Other,False,False,,,,,exact,8,0.2276430847567309,0.02835672763363108,"brain1,brain4,brain6,brain7,brain9","[""root"", ""Basic cell groups and regions"", ""Cerebrum"", ""Cerebral cortex"", ""Cortical subplate"", ""Lateral amygdalar nucleus""]",0.04552861695134618,0.012637221320213115,5
Lateral dorsal nucleus of thalamus,Lateral dorsal nucleus of thalamus,155,LD,Anterior group of the dorsal thalamus,Brain stem,,Thalamus,False,True,"Thalamus, polymodal association cortex related",Anterior group of the dorsal thalamus,,,exact,25,1.1491780328347398,0.08861477385509713,"brain1,brain2,brain3,brain4,brain5,brain7,brain8","[""root"", ""Basic cell groups and regions"", ""Brain stem"", ""Interbrain"", ""Thalamus"", ""Thalamus, polymodal association cortex related"", ""Anterior group of the dorsal thalamus"", ""Lateral dorsal nucleus of thalamus""]",0.16416829040496284,0.06327132866289241,7
Lateral habenula,Lateral habenula,186,LH,Epithalamus,Brain stem,,Thalamus,False,True,"Thalamus, polymodal association cortex related",Epithalamus,,,exact,20,0.9199441204327105,0.0708918190840777,"brain1,brain2,brain3,brain7,brain8,brain9","[""root"", ""Basic cell groups and regions"", ""Brain stem"", ""Interbrain"", ""Thalamus"", ""Thalamus, polymodal association cortex related"", ""Epithalamus"", ""Lateral habenula""]",0.1533240200721184,0.09004687105150264,6
Lateral hypothalamic area,Lateral hypothalamic area,194,LHA,Hypothalamic lateral zone,Brain stem,,Hypothalamus,False,True,,,,,exact,105,3.964760691084313,0.37218205019140793,"brain1,brain2,brain3,brain4,brain6,brain7,brain8,brain9","[""root"", ""Basic cell groups and regions"", ""Brain stem"", ""Interbrain"", ""Hypothalamus"", ""Hypothalamic lateral zone"", ""Lateral hypothalamic area""]",0.49559508638553984,0.19132768776545533,8
Lateral posterior nucleus of the thalamus,Lateral posterior nucleus of the thalamus,218,LP,Lateral group of the dorsal thalamus,Brain stem,,Thalamus,False,True,"Thalamus, polymodal association cortex related",Lateral group of the dorsal thalamus,,,exact,18,0.63075725699439,0.06380263717566993,"brain1,brain2,brain4,brain9","[""root"", ""Basic cell groups and regions"", ""Brain stem"", ""Interbrain"", ""Thalamus"", ""Thalamus, polymodal association cortex related"", ""Lateral group of the dorsal thalamus"", ""Lateral posterior nucleus of the thalamus""]",0.15768931424859747,0.058522426482305094,4
Lateral preoptic area,Lateral preoptic area,226,LPO,Hypothalamic lateral zone,Brain stem,,Hypothalamus,False,True,,,,,exact,26,1.0790549598466688,0.09215936480930101,"brain1,brain2,brain3,brain4,brain6,brain8","[""root"", ""Basic cell groups and regions"", ""Brain stem"", ""Interbrain"", ""Hypothalamus"", ""Hypothalamic lateral zone"", ""Lateral preoptic area""]",0.17984249330777816,0.037556115753006915,6
Lateral septal nucleus,Lateral septal nucleus,242,LS,Lateral septal complex,Cerebrum,,Striatum,False,True,,,Lateral septal complex,Lateral septal nucleus,exact,174,3.9803849757956398,0.616758826031476,"brain1,brain2,brain3,brain4,brain6,brain7,brain9","[""root"", ""Basic cell groups and regions"", ""Cerebrum"", ""Cerebral nuclei"", ""Striatum"", ""Lateral septal complex"", ""Lateral septal nucleus""]",0.568626425113662,0.27427776723279357,7
Lateral terminal nucleus of the accessory optic tract,Lateral terminal nucleus of the accessory optic tract,66,LT,"Midbrain, motor related",Brain stem,,Midbrain,False,True,,,,,exact,1,0.0597014925373134,0.003544590954203885,brain2,"[""root"", ""Basic cell groups and regions"", ""Brain stem"", ""Midbrain"", ""Midbrain, motor related"", ""Lateral terminal nucleus of the accessory optic tract""]",0.05970149253731343,,1
Magnocellular nucleus,Magnocellular nucleus,298,MA,"Pallidum, ventral region",Cerebrum,,Pallidum,False,True,,,,,exact,10,0.4243614851532142,0.03544590954203885,"brain1,brain3,brain4,brain6,brain8","[""root"", ""Basic cell groups and regions"", ""Cerebrum"", ""Cerebral nuclei"", ""Pallidum"", ""Pallidum, ventral region"", ""Magnocellular nucleus""]",0.08487229703064282,0.022717371978078115,5
Main olfactory bulb,Main olfactory bulb,507,MOB,Olfactory areas,Cerebrum,Olfactory areas,Cortex,True,False,,,,,exact,11,0.656716417910448,0.03899050049624273,brain2,"[""root"", ""Basic cell groups and regions"", ""Cerebrum"", ""Cerebral cortex"", ""Cortical plate"", ""Olfactory areas"", ""Main olfactory bulb""]",0.6567164179104478,,1
Major island of Calleja,Major island of Calleja,489,islm,Olfactory tubercle,Cerebrum,,Striatum,False,True,,,Striatum ventral region,Olfactory tubercle,exact,7,0.2469240774763008,0.024812136679427194,"brain1,brain2","[""root"", ""Basic cell groups and regions"", ""Cerebrum"", ""Cerebral nuclei"", ""Striatum"", ""Striatum ventral region"", ""Olfactory tubercle"", ""Major island of Calleja""]",0.12346203873815054,0.05564243887378975,2
Medial amygdalar nucleus,Medial amygdalar nucleus,403,MEA,Striatum-like amygdalar nuclei,Cerebrum,,Striatum,False,True,,,Striatum-like amygdalar nuclei,Medial amygdalar nucleus,exact,30,0.8751513360630387,0.10633772862611655,"brain1,brain2,brain4,brain6,brain7","[""root"", ""Basic cell groups and regions"", ""Cerebrum"", ""Cerebral nuclei"", ""Striatum"", ""Striatum-like amygdalar nuclei"", ""Medial amygdalar nucleus""]",0.17503026721260775,0.037508591032459716,5
Medial geniculate complex,Medial geniculate complex,475,MG,"Geniculate group, dorsal thalamus",Brain stem,,Thalamus,False,True,"Thalamus, sensory-motor cortex related","Geniculate group, dorsal thalamus",,,exact,14,0.237368599525263,0.04962427335885439,brain1,"[""root"", ""Basic cell groups and regions"", ""Brain stem"", ""Interbrain"", ""Thalamus"", ""Thalamus, sensory-motor cortex related"", ""Geniculate group, dorsal thalamus"", ""Medial geniculate complex""]",0.23736859952526282,,1
Medial habenula,Medial habenula,483,MH,Epithalamus,Brain stem,,Thalamus,False,True,"Thalamus, polymodal association cortex related",Epithalamus,,,exact,22,0.910101103481139,0.07798100099248546,"brain1,brain2,brain8","[""root"", ""Basic cell groups and regions"", ""Brain stem"", ""Interbrain"", ""Thalamus"", ""Thalamus, polymodal association cortex related"", ""Epithalamus"", ""Medial habenula""]",0.3033670344937131,0.14783939826000372,3
Medial mammillary nucleus,Medial mammillary nucleus,491,MM,Mammillary body,Brain stem,,Hypothalamus,False,True,,,,,exact,8,0.1639741548350948,0.02835672763363108,"brain1,brain4","[""root"", ""Basic cell groups and regions"", ""Brain stem"", ""Interbrain"", ""Hypothalamus"", ""Hypothalamic medial zone"", ""Mammillary body"", ""Medial mammillary nucleus""]",0.08198707741754759,0.03669722234508382,2
Medial preoptic area,Medial preoptic area,523,MPO,Periventricular region,Brain stem,,Hypothalamus,False,True,,,,,exact,25,0.8718199372233303,0.08861477385509713,"brain1,brain2,brain3,brain4,brain5,brain8,brain9","[""root"", ""Basic cell groups and regions"", ""Brain stem"", ""Interbrain"", ""Hypothalamus"", ""Periventricular region"", ""Medial preoptic area""]",0.1245457053176187,0.03060320370334287,7
Medial preoptic nucleus,Medial preoptic nucleus,515,MPN,Hypothalamic medial zone,Brain stem,,Hypothalamus,False,True,,,,,exact,5,0.2182256564212148,0.017722954771019424,"brain4,brain8,brain9","[""root"", ""Basic cell groups and regions"", ""Brain stem"", ""Interbrain"", ""Hypothalamus"", ""Hypothalamic medial zone"", ""Medial preoptic nucleus""]",0.07274188547373812,0.026921947593478504,3
Medial septal nucleus,Medial septal nucleus,564,MS,Medial septal complex,Cerebrum,,Pallidum,False,True,,,,,exact,30,0.6019071630218557,0.10633772862611655,"brain1,brain2,brain3","[""root"", ""Basic cell groups and regions"", ""Cerebrum"", ""Cerebral nuclei"", ""Pallidum"", ""Pallidum, medial region"", ""Medial septal complex"", ""Medial septal nucleus""]",0.2006357210072853,0.13144631341472332,3
Median preoptic nucleus,Median preoptic nucleus,452,MEPO,Periventricular region,Brain stem,,Hypothalamus,False,True,,,,,exact,18,0.5027784432816353,0.06380263717566993,"brain1,brain2,brain3,brain5","[""root"", ""Basic cell groups and regions"", ""Brain stem"", ""Interbrain"", ""Hypothalamus"", ""Periventricular region"", ""Median preoptic nucleus""]",0.125694610820409,0.03843894909825842,4
Mediodorsal nucleus of the thalamus,Mediodorsal nucleus of thalamus,362,MD,Medial group of the dorsal thalamus,Brain stem,,Thalamus,False,True,"Thalamus, polymodal association cortex related",Medial group of the dorsal thalamus,,,override,194,9.676417420640089,0.6876506451155536,"brain1,brain2,brain3,brain4,brain6,brain7,brain8,brain9","[""root"", ""Basic cell groups and regions"", ""Brain stem"", ""Interbrain"", ""Thalamus"", ""Thalamus, polymodal association cortex related"", ""Medial group of the dorsal thalamus"", ""Mediodorsal nucleus of thalamus""]",1.2095521775800107,0.49004423462209123,8
Midbrain,Midbrain,313,MB,Brain stem,Brain stem,,Midbrain,False,True,,,,,exact,11,0.3244662332482888,0.03899050049624273,"brain1,brain4,brain8","[""root"", ""Basic cell groups and regions"", ""Brain stem"", ""Midbrain""]",0.10815541108276276,0.03231724158029627,3
Midbrain reticular nucleus,Midbrain reticular nucleus,128,MRN,"Midbrain, motor related",Brain stem,,Midbrain,False,True,,,,,exact,18,0.43342797710329306,0.06380263717566993,"brain1,brain2","[""root"", ""Basic cell groups and regions"", ""Brain stem"", ""Midbrain"", ""Midbrain, motor related"", ""Midbrain reticular nucleus""]",0.21671398855164664,0.03760951093970635,2
Nucleus accumbens,Nucleus accumbens,56,ACB,Striatum ventral region,Cerebrum,,Striatum,False,True,,,Striatum ventral region,Nucleus accumbens,exact,181,5.239219211636058,0.6415709627109032,"brain1,brain2,brain3,brain4,brain5,brain6,brain7,brain8,brain9","[""root"", ""Basic cell groups and regions"", ""Cerebrum"", ""Cerebral nuclei"", ""Striatum"", ""Striatum ventral region"", ""Nucleus accumbens""]",0.5821354679595616,0.1508753424882542,9
Nucleus of reunions,Nucleus of reuniens,181,RE,Midline group of the dorsal thalamus,Brain stem,,Thalamus,False,True,"Thalamus, polymodal association cortex related",Midline group of the dorsal thalamus,,,approx,39,1.1689374308845517,0.1382390472139515,"brain1,brain2,brain3,brain4,brain6,brain7,brain8,brain9","[""root"", ""Basic cell groups and regions"", ""Brain stem"", ""Interbrain"", ""Thalamus"", ""Thalamus, polymodal association cortex related"", ""Midline group of the dorsal thalamus"", ""Nucleus of reuniens""]",0.1461171788605689,0.015011699869519666,8
Nucleus of the lateral olfactory tract,Nucleus of the lateral olfactory tract,619,NLOT,Olfactory areas,Cerebrum,Olfactory areas,Cortex,True,False,,,,,exact,9,0.2625944451731689,0.031901318587834966,"brain1,brain2,brain3,brain6,brain7","[""root"", ""Basic cell groups and regions"", ""Cerebrum"", ""Cerebral cortex"", ""Cortical plate"", ""Olfactory areas"", ""Nucleus of the lateral olfactory tract""]",0.052518889034633774,0.004320919576662134,5
Nucleus of the optic tract,Nucleus of the optic tract,628,NOT,Pretectal region,Brain stem,,Midbrain,False,True,,,,,exact,7,0.118684299762631,0.024812136679427194,brain1,"[""root"", ""Basic cell groups and regions"", ""Brain stem"", ""Midbrain"", ""Midbrain, motor related"", ""Pretectal region"", ""Nucleus of the optic tract""]",0.11868429976263141,,1
Nucleus of the posterior commissure,Nucleus of the posterior commissure,634,NPC,Pretectal region,Brain stem,,Midbrain,False,True,,,,,exact,4,0.1542536993203493,0.01417836381681554,"brain4,brain6","[""root"", ""Basic cell groups and regions"", ""Brain stem"", ""Midbrain"", ""Midbrain, motor related"", ""Pretectal region"", ""Nucleus of the posterior commissure""]",0.07712684966017469,0.013452860484752844,2
Olfactory areas,Olfactory areas,698,OLF,Cortical plate,Cerebrum,Olfactory areas,Cortex,True,False,,,,,exact,4,0.1338671291256941,0.01417836381681554,"brain2,brain3","[""root"", ""Basic cell groups and regions"", ""Cerebrum"", ""Cerebral cortex"", ""Cortical plate"", ""Olfactory areas""]",0.06693356456284708,0.007232072025533637,2
Olfactory tubercle,Olfactory tubercle,754,OT,Striatum ventral region,Cerebrum,,Striatum,False,True,,,Striatum ventral region,Olfactory tubercle,exact,60,1.8132235694935015,0.2126754572522331,"brain1,brain2,brain3,brain6,brain7,brain8","[""root"", ""Basic cell groups and regions"", ""Cerebrum"", ""Cerebral nuclei"", ""Striatum"", ""Striatum ventral region"", ""Olfactory tubercle""]",0.3022039282489169,0.09725244673504194,6
Olivary pretectal nucleus,Olivary pretectal nucleus,706,OP,Pretectal region,Brain stem,,Midbrain,False,True,,,,,exact,1,0.0389105058365759,0.003544590954203885,brain7,"[""root"", ""Basic cell groups and regions"", ""Brain stem"", ""Midbrain"", ""Midbrain, motor related"", ""Pretectal region"", ""Olivary pretectal nucleus""]",0.038910505836575876,,1
Orbital area,Orbital area,714,ORB,Isocortex,Cerebrum,Isocortex,Cortex,True,False,,,,,exact,177,6.682694776889317,0.6273925988940876,"brain1,brain2,brain3,brain4,brain7,brain8,brain9","[""root"", ""Basic cell groups and regions"", ""Cerebrum"", ""Cerebral cortex"", ""Cortical plate"", ""Isocortex"", ""Orbital area""]",0.9546706824127595,0.27464221972619074,7
Paracentral nucleus,Paracentral nucleus,907,PCN,Intralaminar nuclei of the dorsal thalamus,Brain stem,,Thalamus,False,True,"Thalamus, polymodal association cortex related",Intralaminar nuclei of the dorsal thalamus,,,exact,54,1.4972655256468124,0.19140791152700978,"brain3,brain4,brain5,brain6,brain7,brain9","[""root"", ""Basic cell groups and regions"", ""Brain stem"", ""Interbrain"", ""Thalamus"", ""Thalamus, polymodal association cortex related"", ""Intralaminar nuclei of the dorsal thalamus"", ""Paracentral nucleus""]",0.24954425427446866,0.08557394419418662,6
Parafascicular nucleus,Parafascicular nucleus,930,PF,Intralaminar nuclei of the dorsal thalamus,Brain stem,,Thalamus,False,True,"Thalamus, polymodal association cortex related",Intralaminar nuclei of the dorsal thalamus,,,exact,90,2.195928733401048,0.31901318587834965,"brain1,brain2,brain4,brain7,brain9","[""root"", ""Basic cell groups and regions"", ""Brain stem"", ""Interbrain"", ""Thalamus"", ""Thalamus, polymodal association cortex related"", ""Intralaminar nuclei of the dorsal thalamus"", ""Parafascicular nucleus""]",0.43918574668020954,0.1581516600237488,5
Parasubthalamic nucleus,Parasubthalamic nucleus,364,PSTN,Hypothalamic lateral zone,Brain stem,,Hypothalamus,False,True,,,,,exact,5,0.4847381830528152,0.017722954771019424,"brain2,brain4,brain8","[""root"", ""Basic cell groups and regions"", ""Brain stem"", ""Interbrain"", ""Hypothalamus"", ""Hypothalamic lateral zone"", ""Parasubthalamic nucleus""]",0.16157939435093838,0.10916302501016636,3
Parataenial nucleus,Parataenial nucleus,15,PT,Midline group of the dorsal thalamus,Brain stem,,Thalamus,False,True,"Thalamus, polymodal association cortex related",Midline group of the dorsal thalamus,,,exact,3,0.0996515351982857,0.010633772862611655,"brain4,brain7,brain9","[""root"", ""Basic cell groups and regions"", ""Brain stem"", ""Interbrain"", ""Thalamus"", ""Thalamus, polymodal association cortex related"", ""Midline group of the dorsal thalamus"", ""Parataenial nucleus""]",0.03321717839942854,0.009071883316060007,3
Paraventricular hypothalamic nucleus,Paraventricular hypothalamic nucleus,38,PVH,Periventricular zone,Brain stem,,Hypothalamus,False,True,,,,,exact,9,0.31959637897936516,0.031901318587834966,"brain1,brain4,brain9","[""root"", ""Basic cell groups and regions"", ""Brain stem"", ""Interbrain"", ""Hypothalamus"", ""Periventricular zone"", ""Paraventricular hypothalamic nucleus""]",0.10653212632645491,0.08270156887978938,3
Paraventricular nucleus of the thalamus,Paraventricular nucleus of the thalamus,149,PVT,Midline group of the dorsal thalamus,Brain stem,,Thalamus,False,True,"Thalamus, polymodal association cortex related",Midline group of the dorsal thalamus,,,exact,12,0.4611029741901698,0.04253509145044662,"brain1,brain2,brain7","[""root"", ""Basic cell groups and regions"", ""Brain stem"", ""Interbrain"", ""Thalamus"", ""Thalamus, polymodal association cortex related"", ""Midline group of the dorsal thalamus"", ""Paraventricular nucleus of the thalamus""]",0.1537009913967233,0.07243105536750268,3
Periaqueductal gray,Periaqueductal gray,795,PAG,"Midbrain, motor related",Brain stem,,Midbrain,False,True,,,,,exact,20,0.7074864576062767,0.0708918190840777,"brain2,brain4,brain6,brain7,brain9","[""root"", ""Basic cell groups and regions"", ""Brain stem"", ""Midbrain"", ""Midbrain, motor related"", ""Periaqueductal gray""]",0.1414972915212554,0.0444582941382101,5
Perireunensis nucleus,Perireunensis nucleus,1077,PR,Medial group of the dorsal thalamus,Brain stem,,Thalamus,False,True,"Thalamus, polymodal association cortex related",Medial group of the dorsal thalamus,,,exact,3,0.116731517509728,0.010633772862611655,brain7,"[""root"", ""Basic cell groups and regions"", ""Brain stem"", ""Interbrain"", ""Thalamus"", ""Thalamus, polymodal association cortex related"", ""Medial group of the dorsal thalamus"", ""Perireunensis nucleus""]",0.11673151750972763,,1
Perirhinal area,Perirhinal area,922,PERI,Isocortex,Cerebrum,Isocortex,Cortex,True,False,,,,,exact,32,0.5672095318454177,0.11342691053452432,"brain1,brain6,brain7,brain9","[""root"", ""Basic cell groups and regions"", ""Cerebrum"", ""Cerebral cortex"", ""Cortical plate"", ""Isocortex"", ""Perirhinal area""]",0.1418023829613544,0.055731359099528546,4
Periventricular hypothalamic nucleus,"Periventricular hypothalamic nucleus, intermediate part",118,PVi,Periventricular zone,Brain stem,,Hypothalamus,False,True,,,,,override,13,0.47091711848600215,0.046079682404650504,"brain1,brain4,brain9","[""root"", ""Basic cell groups and regions"", ""Brain stem"", ""Interbrain"", ""Hypothalamus"", ""Periventricular zone"", ""Periventricular hypothalamic nucleus, intermediate part""]",0.15697237282866736,0.12560519428749098,3
Piriform area,Piriform area,961,PIR,Olfactory areas,Cerebrum,Olfactory areas,Cortex,True,False,,,,,exact,420,10.781546259297594,1.4887282007656317,"brain1,brain2,brain3,brain4,brain6,brain7,brain8,brain9","[""root"", ""Basic cell groups and regions"", ""Cerebrum"", ""Cerebral cortex"", ""Cortical plate"", ""Olfactory areas"", ""Piriform area""]",1.347693282412198,0.5376275319303502,8
Piriform-amygdalar area,Piriform-amygdalar area,788,PAA,Olfactory areas,Cerebrum,Olfactory areas,Cortex,True,False,,,,,exact,10,0.166541548307214,0.03544590954203885,"brain1,brain9","[""root"", ""Basic cell groups and regions"", ""Cerebrum"", ""Cerebral cortex"", ""Cortical plate"", ""Olfactory areas"", ""Piriform-amygdalar area""]",0.08327077415360679,0.05236842557511482,2
Posterior amygdalar nucleus,Posterior amygdalar nucleus,780,PA,Cortical subplate,Cerebrum,,Other,False,False,,,,,exact,1,0.0389105058365759,0.003544590954203885,brain7,"[""root"", ""Basic cell groups and regions"", ""Cerebrum"", ""Cerebral cortex"", ""Cortical subplate"", ""Posterior amygdalar nucleus""]",0.038910505836575876,,1
Posterior complex of the thalamus,Posterior complex of the thalamus,1020,PO,Lateral group of the dorsal thalamus,Brain stem,,Thalamus,False,True,"Thalamus, polymodal association cortex related",Lateral group of the dorsal thalamus,,,exact,110,2.219245063472604,0.3899050049624273,"brain1,brain2,brain4,brain5,brain6,brain7,brain9","[""root"", ""Basic cell groups and regions"", ""Brain stem"", ""Interbrain"", ""Thalamus"", ""Thalamus, polymodal association cortex related"", ""Lateral group of the dorsal thalamus"", ""Posterior complex of the thalamus""]",0.31703500906751525,0.1376411006011442,7
Posterior hypothalamic nucleus,Posterior hypothalamic nucleus,946,PH,Hypothalamic medial zone,Brain stem,,Hypothalamus,False,True,,,,,exact,37,0.716057168621947,0.13114986530554373,"brain1,brain7,brain9","[""root"", ""Basic cell groups and regions"", ""Brain stem"", ""Interbrain"", ""Hypothalamus"", ""Hypothalamic medial zone"", ""Posterior hypothalamic nucleus""]",0.23868572287398226,0.03383957983923073,3
Posterior limiting nucleus of the thalamus,Posterior limiting nucleus of the thalamus,1029,POL,Lateral group of the dorsal thalamus,Brain stem,,Thalamus,False,True,"Thalamus, polymodal association cortex related",Lateral group of the dorsal thalamus,,,exact,6,0.101729399796541,0.02126754572522331,brain1,"[""root"", ""Basic cell groups and regions"", ""Brain stem"", ""Interbrain"", ""Thalamus"", ""Thalamus, polymodal association cortex related"", ""Lateral group of the dorsal thalamus"", ""Posterior limiting nucleus of the thalamus""]",0.10172939979654119,,1
Posterior parietal association areas,Posterior parietal association areas,22,PTLp,Isocortex,Cerebrum,Isocortex,Cortex,True,False,,,,,exact,99,3.7627635601080467,0.3509145044661846,"brain1,brain2,brain4,brain6,brain7,brain8,brain9","[""root"", ""Basic cell groups and regions"", ""Cerebrum"", ""Cerebral cortex"", ""Cortical plate"", ""Isocortex"", ""Posterior parietal association areas""]",0.5375376514440068,0.30261141298128724,7
Postpiriform transition area,Postpiriform transition area,566,TR,Olfactory areas,Cerebrum,Olfactory areas,Cortex,True,False,,,,,exact,19,0.322143099355714,0.06734722812987382,brain1,"[""root"", ""Basic cell groups and regions"", ""Cerebrum"", ""Cerebral cortex"", ""Cortical plate"", ""Olfactory areas"", ""Postpiriform transition area""]",0.3221430993557138,,1
Precommissural nucleus,Precommissural nucleus,50,PRC,Periaqueductal gray,Brain stem,,Midbrain,False,True,,,,,exact,2,0.0607410293617098,0.00708918190840777,"brain4,brain9","[""root"", ""Basic cell groups and regions"", ""Brain stem"", ""Midbrain"", ""Midbrain, motor related"", ""Periaqueductal gray"", ""Precommissural nucleus""]",0.030370514680854874,0.014919340391608893,2
Prelimbic area,Prelimbic area,972,PL,Isocortex,Cerebrum,Isocortex,Cortex,True,False,,,,,exact,239,12.370352286530984,0.8471572380547285,"brain2,brain3,brain4,brain6,brain7,brain8,brain9","[""root"", ""Basic cell groups and regions"", ""Cerebrum"", ""Cerebral cortex"", ""Cortical plate"", ""Isocortex"", ""Prelimbic area""]",1.7671931837901411,0.7766281133032036,7
Primary auditory area,Primary auditory area,1002,AUDp,Auditory areas,Cerebrum,Isocortex,Cortex,True,False,,,,,exact,51,1.9263387503308502,0.18077413866439812,"brain1,brain2,brain4,brain7,brain8,brain9","[""root"", ""Basic cell groups and regions"", ""Cerebrum"", ""Cerebral cortex"", ""Cortical plate"", ""Isocortex"", ""Auditory areas"", ""Primary auditory area""]",0.32105645838847574,0.17611340283488416,6
Primary motor area,Primary motor area,985,MOp,Somatomotor areas,Cerebrum,Isocortex,Cortex,True,False,,,,,exact,3736,127.25022515988883,13.242591804905715,"brain1,brain2,brain3,brain4,brain5,brain6,brain7,brain8,brain9","[""root"", ""Basic cell groups and regions"", ""Cerebrum"", ""Cerebral cortex"", ""Cortical plate"", ""Isocortex"", ""Somatomotor areas"", ""Primary motor area""]",14.138913906654306,2.773297044235551,9
Primary somatosensory area,Primary somatosensory area,322,SSp,Somatosensory areas,Cerebrum,Isocortex,Cortex,True,False,,,,,exact,10552,316.6041469168809,37.40252374875939,"brain1,brain2,brain3,brain4,brain5,brain6,brain7,brain8,brain9","[""root"", ""Basic cell groups and regions"", ""Cerebrum"", ""Cerebral cortex"", ""Cortical plate"", ""Isocortex"", ""Somatosensory areas"", ""Primary somatosensory area""]",35.178238546320095,4.863534288613692,9
Primary visual area,Primary visual area,385,VISp,Visual areas,Cerebrum,Isocortex,Cortex,True,False,,,,,exact,32,1.360263851941856,0.11342691053452432,"brain1,brain2,brain8","[""root"", ""Basic cell groups and regions"", ""Cerebrum"", ""Cerebral cortex"", ""Cortical plate"", ""Isocortex"", ""Visual areas"", ""Primary visual area""]",0.45342128398061887,0.19127129511330163,3
Reticular nucleus of the thalamus,Reticular nucleus of the thalamus,262,RT,"Thalamus, polymodal association cortex related",Brain stem,,Thalamus,False,True,"Thalamus, polymodal association cortex related",Reticular nucleus of the thalamus,,,exact,46,2.2222423558005264,0.16305118389337872,"brain1,brain2,brain3,brain4,brain6,brain7,brain8,brain9","[""root"", ""Basic cell groups and regions"", ""Brain stem"", ""Interbrain"", ""Thalamus"", ""Thalamus, polymodal association cortex related"", ""Reticular nucleus of the thalamus""]",0.27778029447506586,0.10633875460554816,8
Retrochiasmatic area,Retrochiasmatic area,173,RCH,Hypothalamic lateral zone,Brain stem,,Hypothalamus,False,True,,,,,exact,2,0.0905797101449275,0.00708918190840777,brain4,"[""root"", ""Basic cell groups and regions"", ""Brain stem"", ""Interbrain"", ""Hypothalamus"", ""Hypothalamic lateral zone"", ""Retrochiasmatic area""]",0.09057971014492754,,1
Retrosplenial area,Retrosplenial area,254,RSP,Isocortex,Cerebrum,Isocortex,Cortex,True,False,,,,,exact,269,10.254767425120727,0.953494966680845,"brain1,brain2,brain3,brain4,brain5,brain6,brain7,brain8,brain9","[""root"", ""Basic cell groups and regions"", ""Cerebrum"", ""Cerebral cortex"", ""Cortical plate"", ""Isocortex"", ""Retrosplenial area""]",1.139418602791192,0.5203397508740925,9
Rhomboid nucleus,Rhomboid nucleus,189,RH,Intralaminar nuclei of the dorsal thalamus,Brain stem,,Thalamus,False,True,"Thalamus, polymodal association cortex related",Intralaminar nuclei of the dorsal thalamus,,,exact,5,0.1264878238816011,0.017722954771019424,"brain1,brain4,brain6,brain9","[""root"", ""Basic cell groups and regions"", ""Brain stem"", ""Interbrain"", ""Thalamus"", ""Thalamus, polymodal association cortex related"", ""Intralaminar nuclei of the dorsal thalamus"", ""Rhomboid nucleus""]",0.03162195597040027,0.006148076376966295,4
Secondary motor area,Secondary motor area,993,MOs,Somatomotor areas,Cerebrum,Isocortex,Cortex,True,False,,,,,exact,821,34.68279487822606,2.9101091734013895,"brain1,brain2,brain3,brain4,brain5,brain6,brain7,brain8,brain9","[""root"", ""Basic cell groups and regions"", ""Cerebrum"", ""Cerebral cortex"", ""Cortical plate"", ""Isocortex"", ""Somatomotor areas"", ""Secondary motor area""]",3.8536438753584497,1.1905114042941272,9
Septofimbrial nucleus,Septofimbrial nucleus,310,SF,Lateral septal complex,Cerebrum,,Striatum,False,True,,,Lateral septal complex,Septofimbrial nucleus,exact,2,0.119402985074627,0.00708918190840777,brain2,"[""root"", ""Basic cell groups and regions"", ""Cerebrum"", ""Cerebral nuclei"", ""Striatum"", ""Lateral septal complex"", ""Septofimbrial nucleus""]",0.11940298507462686,,1
Striatum-like amygdalar nuclei,Striatum-like amygdalar nuclei,278,sAMY,Striatum,Cerebrum,,Striatum,False,True,,,Striatum-like amygdalar nuclei,,exact,12,0.2097220528129416,0.04253509145044662,"brain1,brain3,brain9","[""root"", ""Basic cell groups and regions"", ""Cerebrum"", ""Cerebral nuclei"", ""Striatum"", ""Striatum-like amygdalar nuclei""]",0.06990735093764719,0.04989265180043677,3
Subfornical organ,Subfornical organ,338,SFO,Periventricular region,Brain stem,,Hypothalamus,False,True,,,,,exact,1,0.0389105058365759,0.003544590954203885,brain7,"[""root"", ""Basic cell groups and regions"", ""Brain stem"", ""Interbrain"", ""Hypothalamus"", ""Periventricular region"", ""Subfornical organ""]",0.038910505836575876,,1
Subiculum,Subiculum,502,SUB,Retrohippocampal region,Cerebrum,Hippocampal formation,Cortex,True,False,,,,,exact,2,0.0766563925034036,0.00708918190840777,"brain1,brain2","[""root"", ""Basic cell groups and regions"", ""Cerebrum"", ""Cerebral cortex"", ""Cortical plate"", ""Hippocampal formation"", ""Retrohippocampal region"", ""Subiculum""]",0.038328196251701814,0.02137329628561161,2
Submedial nucleus of the thalamus,Submedial nucleus of the thalamus,366,SMT,Medial group of the dorsal thalamus,Brain stem,,Thalamus,False,True,"Thalamus, polymodal association cortex related",Medial group of the dorsal thalamus,,,exact,18,0.5933426474560998,0.06380263717566993,"brain3,brain4,brain6,brain7","[""root"", ""Basic cell groups and regions"", ""Brain stem"", ""Interbrain"", ""Thalamus"", ""Thalamus, polymodal association cortex related"", ""Medial group of the dorsal thalamus"", ""Submedial nucleus of the thalamus""]",0.148335661864025,0.04694350913657584,4
Subparafascicular nucleus,Subparafascicular nucleus,406,SPF,"Thalamus, sensory-motor cortex related",Brain stem,,Thalamus,False,True,"Thalamus, sensory-motor cortex related",Subparafascicular nucleus,,,exact,16,0.380905777972366,0.05671345526726216,"brain1,brain8","[""root"", ""Basic cell groups and regions"", ""Brain stem"", ""Interbrain"", ""Thalamus"", ""Thalamus, sensory-motor cortex related"", ""Subparafascicular nucleus""]",0.19045288898618284,0.06387061050517018,2
Subparaventricular zone,Subparaventricular zone,347,SBPV,Periventricular region,Brain stem,,Hypothalamus,False,True,,,,,exact,8,0.36231884057971,0.02835672763363108,brain4,"[""root"", ""Basic cell groups and regions"", ""Brain stem"", ""Interbrain"", ""Hypothalamus"", ""Periventricular region"", ""Subparaventricular zone""]",0.36231884057971014,,1
Substantia innominata,Substantia innominata,342,SI,"Pallidum, ventral region",Cerebrum,,Pallidum,False,True,,,,,exact,102,3.3000290414075657,0.36154827732879624,"brain1,brain2,brain3,brain4,brain5,brain6,brain7,brain8,brain9","[""root"", ""Basic cell groups and regions"", ""Cerebrum"", ""Cerebral nuclei"", ""Pallidum"", ""Pallidum, ventral region"", ""Substantia innominata""]",0.3666698934897295,0.08854493178945617,9
Substantia nigra,"Substantia nigra, compact part",374,SNc,"Midbrain, behavioral state related",Brain stem,,Midbrain,False,True,,,,,override,29,0.491692099016616,0.10279313767191266,brain1,"[""root"", ""Basic cell groups and regions"", ""Brain stem"", ""Midbrain"", ""Midbrain, behavioral state related"", ""Substantia nigra, compact part""]",0.4916920990166158,,1
Subthalamic nucleus,Subthalamic nucleus,470,STN,Hypothalamic lateral zone,Brain stem,,Hypothalamus,False,True,,,,,exact,1,0.126582278481013,0.003544590954203885,brain8,"[""root"", ""Basic cell groups and regions"", ""Brain stem"", ""Interbrain"", ""Hypothalamus"", ""Hypothalamic lateral zone"", ""Subthalamic nucleus""]",0.12658227848101267,,1
Superior colliculus,"Superior colliculus, sensory related",302,SCs,"Midbrain, sensory related",Brain stem,,Midbrain,False,True,,,,,override,12,0.203458799593082,0.04253509145044662,brain1,"[""root"", ""Basic cell groups and regions"", ""Brain stem"", ""Midbrain"", ""Midbrain, sensory related"", ""Superior colliculus, sensory related""]",0.20345879959308238,,1
Supplemental somatosensory area,Supplemental somatosensory area,378,SSs,Somatosensory areas,Cerebrum,Isocortex,Cortex,True,False,,,,,exact,2673,65.30810322193936,9.474691620586984,"brain1,brain2,brain3,brain4,brain5,brain6,brain7,brain8,brain9","[""root"", ""Basic cell groups and regions"", ""Cerebrum"", ""Cerebral cortex"", ""Cortical plate"", ""Isocortex"", ""Somatosensory areas"", ""Supplemental somatosensory area""]",7.256455913548823,1.8369531720679342,9
Suprageniculate nucleus,Suprageniculate nucleus,325,SGN,Lateral group of the dorsal thalamus,Brain stem,,Thalamus,False,True,"Thalamus, polymodal association cortex related",Lateral group of the dorsal thalamus,,,exact,4,0.0678195998643608,0.01417836381681554,brain1,"[""root"", ""Basic cell groups and regions"", ""Brain stem"", ""Interbrain"", ""Thalamus"", ""Thalamus, polymodal association cortex related"", ""Lateral group of the dorsal thalamus"", ""Suprageniculate nucleus""]",0.0678195998643608,,1
Supramammillary nucleus,Supramammillary nucleus,525,SUM,Mammillary body,Brain stem,,Hypothalamus,False,True,,,,,exact,3,0.047857248544582204,0.010633772862611655,"brain1,brain9","[""root"", ""Basic cell groups and regions"", ""Brain stem"", ""Interbrain"", ""Hypothalamus"", ""Hypothalamic medial zone"", ""Mammillary body"", ""Supramammillary nucleus""]",0.02392862427229108,0.006973724306200881,2
Supraoptic nucleus,Supraoptic nucleus,390,SO,Periventricular zone,Brain stem,,Hypothalamus,False,True,,,,,exact,3,0.1084933870911145,0.010633772862611655,"brain1,brain2,brain6","[""root"", ""Basic cell groups and regions"", ""Brain stem"", ""Interbrain"", ""Hypothalamus"", ""Periventricular zone"", ""Supraoptic nucleus""]",0.03616446236370485,0.012528142016100374,3
Taenia tecta,Taenia tecta,589,TT,Olfactory areas,Cerebrum,Olfactory areas,Cortex,True,False,,,,,exact,32,1.211773343469603,0.11342691053452432,"brain1,brain2,brain3,brain4,brain7,brain9","[""root"", ""Basic cell groups and regions"", ""Cerebrum"", ""Cerebral cortex"", ""Cortical plate"", ""Olfactory areas"", ""Taenia tecta""]",0.20196222391160054,0.0898886758160256,6
Temporal association areas,Temporal association areas,541,TEa,Isocortex,Cerebrum,Isocortex,Cortex,True,False,,,,,exact,56,2.368074095980967,0.19849709343541755,"brain1,brain2,brain4,brain6,brain7,brain8,brain9","[""root"", ""Basic cell groups and regions"", ""Cerebrum"", ""Cerebral cortex"", ""Cortical plate"", ""Isocortex"", ""Temporal association areas""]",0.33829629942585315,0.15013019185297583,7
Thalamus,Thalamus,549,TH,Interbrain,Brain stem,,Thalamus,False,True,,,,,exact,121,4.177219152420521,0.42889550545867006,"brain1,brain2,brain3,brain4,brain5,brain6,brain7,brain8,brain9","[""root"", ""Basic cell groups and regions"", ""Brain stem"", ""Interbrain"", ""Thalamus""]",0.46413546138005785,0.08677036569957924,9
Triangular nucleus of septum,Triangular nucleus of septum,581,TRS,"Pallidum, medial region",Cerebrum,,Pallidum,False,True,,,,,exact,1,0.0597014925373134,0.003544590954203885,brain2,"[""root"", ""Basic cell groups and regions"", ""Cerebrum"", ""Cerebral nuclei"", ""Pallidum"", ""Pallidum, medial region"", ""Triangular nucleus of septum""]",0.05970149253731343,,1
Tuberal nucleus,Tuberal nucleus,614,TU,Hypothalamic lateral zone,Brain stem,,Hypothalamus,False,True,,,,,exact,4,0.16059144408018458,0.01417836381681554,"brain3,brain4","[""root"", ""Basic cell groups and regions"", ""Brain stem"", ""Interbrain"", ""Hypothalamus"", ""Hypothalamic lateral zone"", ""Tuberal nucleus""]",0.08029572204009244,0.05557384317729886,2
Ventral anterior-lateral complex of the thalamus,Ventral anterior-lateral complex of the thalamus,629,VAL,Ventral group of the dorsal thalamus,Brain stem,,Thalamus,False,True,"Thalamus, sensory-motor cortex related",Ventral group of the dorsal thalamus,,,exact,357,9.750234092752951,1.265418970650787,"brain1,brain2,brain3,brain4,brain5,brain6,brain7,brain8,brain9","[""root"", ""Basic cell groups and regions"", ""Brain stem"", ""Interbrain"", ""Thalamus"", ""Thalamus, sensory-motor cortex related"", ""Ventral group of the dorsal thalamus"", ""Ventral anterior-lateral complex of the thalamus""]",1.0833593436392166,0.24062921427327785,9
Ventral auditory area,Ventral auditory area,1018,AUDv,Auditory areas,Cerebrum,Isocortex,Cortex,True,False,,,,,exact,102,3.098092680160599,0.36154827732879624,"brain1,brain2,brain6,brain7,brain8,brain9","[""root"", ""Basic cell groups and regions"", ""Cerebrum"", ""Cerebral cortex"", ""Cortical plate"", ""Isocortex"", ""Auditory areas"", ""Ventral auditory area""]",0.5163487800267673,0.19953049285797858,6
Ventral medial nucleus of the thalamus,Ventral medial nucleus of the thalamus,685,VM,Ventral group of the dorsal thalamus,Brain stem,,Thalamus,False,True,"Thalamus, sensory-motor cortex related",Ventral group of the dorsal thalamus,,,exact,141,3.9011086502182994,0.49978732454274777,"brain1,brain2,brain3,brain4,brain6,brain7,brain8,brain9","[""root"", ""Basic cell groups and regions"", ""Brain stem"", ""Interbrain"", ""Thalamus"", ""Thalamus, sensory-motor cortex related"", ""Ventral group of the dorsal thalamus"", ""Ventral medial nucleus of the thalamus""]",0.48763858127728776,0.12035056257760227,8
Ventral part of the lateral geniculate complex,Ventral part of the lateral geniculate complex,178,LGv,"Geniculate group, ventral thalamus",Brain stem,,Thalamus,False,True,"Thalamus, polymodal association cortex related","Geniculate group, ventral thalamus",,,exact,1,0.0169548999660902,0.003544590954203885,brain1,"[""root"", ""Basic cell groups and regions"", ""Brain stem"", ""Interbrain"", ""Thalamus"", ""Thalamus, polymodal association cortex related"", ""Geniculate group, ventral thalamus"", ""Ventral part of the lateral geniculate complex""]",0.0169548999660902,,1
Ventral posterolateral nucleus of the thalamus,Ventral posterolateral nucleus of the thalamus,718,VPL,Ventral posterior complex of the thalamus,Brain stem,,Thalamus,False,True,"Thalamus, sensory-motor cortex related",Ventral group of the dorsal thalamus,,,exact,51,1.4093739421046478,0.18077413866439812,"brain1,brain2,brain4,brain5,brain6,brain7,brain8,brain9","[""root"", ""Basic cell groups and regions"", ""Brain stem"", ""Interbrain"", ""Thalamus"", ""Thalamus, sensory-motor cortex related"", ""Ventral group of the dorsal thalamus"", ""Ventral posterior complex of the thalamus"", ""Ventral posterolateral nucleus of the thalamus""]",0.1761717427630808,0.029247715778414608,8
Ventral posteromedial nucleus of the thalamus,Ventral posteromedial nucleus of the thalamus,733,VPM,Ventral posterior complex of the thalamus,Brain stem,,Thalamus,False,True,"Thalamus, sensory-motor cortex related",Ventral group of the dorsal thalamus,,,exact,281,6.2435240417812,0.9960300581312916,"brain1,brain2,brain3,brain4,brain5,brain6,brain7,brain9","[""root"", ""Basic cell groups and regions"", ""Brain stem"", ""Interbrain"", ""Thalamus"", ""Thalamus, sensory-motor cortex related"", ""Ventral group of the dorsal thalamus"", ""Ventral posterior complex of the thalamus"", ""Ventral posteromedial nucleus of the thalamus""]",0.7804405052226502,0.23263077961295134,8
Ventral premammillary nucleus,Ventral premammillary nucleus,1004,PMv,Hypothalamic medial zone,Brain stem,,Hypothalamus,False,True,,,,,exact,4,0.093147103617046,0.01417836381681554,"brain1,brain4,brain9","[""root"", ""Basic cell groups and regions"", ""Brain stem"", ""Interbrain"", ""Hypothalamus"", ""Hypothalamic medial zone"", ""Ventral premammillary nucleus""]",0.03104903453901531,0.008179925790175043,3
Ventral tegmental area,Ventral tegmental area,749,VTA,"Midbrain, motor related",Brain stem,,Midbrain,False,True,,,,,exact,10,0.169548999660902,0.03544590954203885,brain1,"[""root"", ""Basic cell groups and regions"", ""Brain stem"", ""Midbrain"", ""Midbrain, motor related"", ""Ventral tegmental area""]",0.169548999660902,,1
Ventromedial hypothalamic nucleus,Ventromedial hypothalamic nucleus,693,VMH,Hypothalamic medial zone,Brain stem,,Hypothalamus,False,True,,,,,exact,4,0.1181101608412201,0.01417836381681554,"brain1,brain4,brain7","[""root"", ""Basic cell groups and regions"", ""Brain stem"", ""Interbrain"", ""Hypothalamus"", ""Hypothalamic medial zone"", ""Ventromedial hypothalamic nucleus""]",0.03937005361374001,0.003293164732623967,3
Visceral area,Visceral area,677,VISC,Isocortex,Cerebrum,Isocortex,Cortex,True,False,,,,,exact,648,13.018380274105692,2.2968949383241175,"brain1,brain2,brain3,brain4,brain5,brain6,brain8,brain9","[""root"", ""Basic cell groups and regions"", ""Cerebrum"", ""Cerebral cortex"", ""Cortical plate"", ""Isocortex"", ""Visceral area""]",1.6272975342632106,0.6069226393967648,8
Zona incerta,Zona incerta,797,ZI,Hypothalamic lateral zone,Brain stem,,Hypothalamus,False,True,,,,,exact,101,2.7968107389583734,0.35800368637459234,"brain1,brain2,brain3,brain4,brain7,brain8,brain9","[""root"", ""Basic cell groups and regions"", ""Brain stem"", ""Interbrain"", ""Hypothalamus"", ""Hypothalamic lateral zone"", ""Zona incerta""]",0.39954439127976754,0.12625308201991836,7
